"FullName","Length","LastWriteTime"
"D:\Study\Study_heavy_industrial_chain\database\天眼查导出数据-PPS5000\to_csv.py","158","2026/4/7 15:43:34"
"D:\Study\Study_heavy_industrial_chain\database\天眼查导出数据-PPS5000_amount_only\to_csv.py","158","2026/4/7 15:43:34"
"D:\Study\Study_heavy_industrial_chain\parquet\工商企业注册信息（全国）_full\run\summary.json","546","2026/4/9 8:22:24"
"D:\Study\Study_heavy_industrial_chain\scripts\analyze_amounts.py","8779","2026/4/14 13:08:14"
"D:\Study\Study_heavy_industrial_chain\scripts\build_edges.py","19515","2026/4/14 12:57:11"
"D:\Study\Study_heavy_industrial_chain\scripts\build_node_csv.py","9205","2026/4/14 12:57:11"
"D:\Study\Study_heavy_industrial_chain\scripts\inspect_qylx_values.py","1364","2026/4/14 12:57:11"
"D:\Study\Study_heavy_industrial_chain\scripts\merge_qylx_categories.py","3670","2026/4/14 12:57:11"
"D:\Study\Study_heavy_industrial_chain\scripts\merge_qylx_level2.py","4381","2026/4/14 12:57:11"
"D:\Study\Study_heavy_industrial_chain\scripts\report_supplychain_gt20.py","4451","2026/4/14 12:57:11"
"D:\Study\Study_heavy_industrial_chain\scripts\viz_supplychain.py","17653","2026/4/14 12:57:11"
"D:\Study\Study_heavy_industrial_chain\scripts\xlsx_to_parquet_benchmark.py","14217","2026/4/14 12:57:11"
"D:\Study\Study_heavy_industrial_chain\scripts\__init__.py","46","2026/4/14 12:57:11"
"D:\Study\Study_heavy_industrial_chain\pps_sampling.py","11740","2026/4/5 13:43:07"
